anio,timestre,clave,salario,inpc_general,mexindpro
2001,1,1,120.5871084,65.64821,99.65866832
2001,2,1,125.7847062,66.31881,99.63357944
2001,3,1,126.6283833,66.97312,100.053331
2001,4,1,131.87822,68.06893,99.61450967
2002,1,1,136.2713246,68.54734,98.55714561
2002,2,1,138.3230733,69.61973,99.32485004
2002,3,1,140.5854475,70.61495,99.45769375
2002,4,1,142.4049858,71.58237,99.49988738
2003,1,1,143.254052,71.69377,100.7079991
2003,2,1,146.6770707,71.82963,99.84226644
2003,3,1,151.3023071,72.1526,98.64165685
2003,4,1,154.0310691,73.25435,101.4634522
2004,1,1,154.1119822,74.74526,104.3735571
2004,2,1,156.8398937,75.44052,102.9221253
2004,3,1,158.1296581,76.34996,104.2730928
2004,4,1,160.497258,77.99274,104.9995635
2005,1,1,164.4989436,78.40449,105.0543786
2005,2,1,166.9097551,79.26985,105.7389947
2005,3,1,168.6955144,79.82355,107.8074637
2005,4,1,171.6973424,80.41235,110.9397676
2006,1,1,174.3170922,81.7629,112.1336545
2006,2,1,175.8870721,82.48838,114.140797
2006,3,1,178.3210447,83.21797,113.2200485
2006,4,1,180.0634432,84.17206,112.9463419
2007,1,1,181.7828748,85.53688,116.283485
2007,2,1,183.7973725,85.88705,115.4359435
2007,3,1,185.3671472,86.84673,115.7224699
2007,4,1,187.3072665,87.77341,115.3218362
2008,1,1,190.4116094,88.3661,116.4028017
2008,2,1,193.2929811,89.45068,115.8726575
2008,3,1,195.0982451,90.87078,113.2364385
2008,4,1,198.2833371,92.26491,109.1938814
2009,1,1,198.5666949,93.21813,104.4461705
2009,2,1,196.8947454,94.56157,104.0040417
2009,3,1,199.6793066,95.34199,106.1386502
2009,4,1,202.0007714,95.03631,109.3413194
2010,1,1,203.9699702,97.10743,112.0859596
2010,2,1,205.3822585,97.41519,112.5118004
2010,3,1,206.680094,98.26155,113.4257218
2010,4,1,206.786843,99.2762,114.9106933
2011,1,1,208.7585356,100.08318,115.9944754
2011,2,1,212.4841092,100.49843,116.4620657
2011,3,1,215.5817123,101.08639,117.9813496
2011,4,1,218.3943067,102.17512,119.6225905
2012,1,1,221.2840867,103.83212,120.4963085
2012,2,1,222.1434966,104.43192,122.0109257
2012,3,1,222.5975363,105.6591,122.0605247
2012,4,1,225.0076502,105.91039,119.6407043
2001,1,2,141.2731574,68.26329,99.65866832
2001,2,2,147.0588946,68.255,99.63357944
2001,3,2,150.3416968,68.42171,100.053331
2001,4,2,153.7550139,69.51461,99.61450967
2002,1,2,156.3821353,70.248,98.55714561
2002,2,2,157.8218378,70.48245,99.32485004
2002,3,2,160.6924629,71.22165,99.45769375
2002,4,2,163.1858218,72.82329,99.49988738
2003,1,2,164.5388036,74.26286,100.7079991
2003,2,2,167.0701266,73.83686,99.84226644
2003,3,2,168.9142809,73.63754,98.64165685
2003,4,2,171.7536578,76.10267,101.4634522
2004,1,2,176.9202516,77.67078,104.3735571
2004,2,2,178.413059,77.31061,102.9221253
2004,3,2,182.146192,77.51814,104.2730928
2004,4,2,184.5822245,80.20849,104.9995635
2005,1,2,187.8969959,81.0584,105.0543786
2005,2,2,190.6060091,80.36088,105.7389947
2005,3,2,193.3893344,79.7927,107.8074637
2005,4,2,196.2092171,81.95511,110.9397676
2006,1,2,198.8536393,84.20161,112.1336545
2006,2,2,201.9278563,83.98525,114.140797
2006,3,2,206.3744049,83.69768,113.2200485
2006,4,2,210.1448264,85.62919,112.9463419
2007,1,2,213.247022,87.22512,116.283485
2007,2,2,216.0730878,85.86842,115.4359435
2007,3,2,218.4866441,85.56258,115.7224699
2007,4,2,220.8984332,88.0749,115.3218362
2008,1,2,223.4492134,89.75861,116.4028017
2008,2,2,226.3416592,89.03331,115.8726575
2008,3,2,227.8160743,89.25039,113.2364385
2008,4,2,231.2615698,93.04554,109.1938814
2009,1,2,234.6312452,95.50948,104.4461705
2009,2,2,235.0357237,94.06456,104.0040417
2009,3,2,236.6526101,93.39779,106.1386502
2009,4,2,237.5390298,95.70786,109.3413194
2010,1,2,239.0361652,98.13402,112.0859596
2010,2,2,240.3539155,96.63146,112.5118004
2010,3,2,241.9381421,96.11123,113.4257218
2010,4,2,243.2431623,98.62092,114.9106933
2011,1,2,244.3944874,100.65764,115.9944754
2011,2,2,246.0297298,98.47276,116.4620657
2011,3,2,246.7206684,97.34768,117.9813496
2011,4,2,249.1432513,101.17848,119.6225905
2012,1,2,251.0251893,104.08473,120.4963085
2012,2,2,253.0025926,102.04655,122.0109257
2012,3,2,255.0905947,101.60454,122.0605247
2012,4,2,255.3293999,105.03773,119.6407043
2001,1,3,134.5328059,65.18164,99.65866832
2001,2,3,139.6223215,66.30393,99.63357944
2001,3,3,140.7019335,66.8573,100.053331
2001,4,3,145.0250755,69.25154,99.61450967
2002,1,3,147.3406789,70.02067,98.55714561
2002,2,3,148.7608301,69.79564,99.32485004
2002,3,3,150.5818235,70.08072,99.45769375
2002,4,3,153.0539516,71.00024,99.49988738
2003,1,3,155.7037097,72.24373,100.7079991
2003,2,3,158.2611635,71.95717,99.84226644
2003,3,3,160.5023497,71.68787,98.64165685
2003,4,3,162.9648616,73.61822,101.4634522
2004,1,3,164.636676,75.18154,104.3735571
2004,2,3,166.9260239,74.94985,102.9221253
2004,3,3,169.6352634,75.47081,104.2730928
2004,4,3,171.404434,77.3041,104.9995635
2005,1,3,173.6141826,77.83256,105.0543786
2005,2,3,178.0777608,77.92421,105.7389947
2005,3,3,180.2367372,78.06538,107.8074637
2005,4,3,182.0385652,79.75926,110.9397676
2006,1,3,183.6126743,80.82408,112.1336545
2006,2,3,182.6114888,80.08698,114.140797
2006,3,3,187.1097681,80.18828,113.2200485
2006,4,3,192.1078542,82.39141,112.9463419
2007,1,3,195.4913896,83.84115,116.283485
2007,2,3,197.8726114,83.04482,115.4359435
2007,3,3,200.0703469,83.37081,115.7224699
2007,4,3,202.8550366,85.7618,115.3218362
2008,1,3,205.8776976,87.33056,116.4028017
2008,2,3,209.2516658,87.59317,115.8726575
2008,3,3,212.4511255,88.15044,113.2364385
2008,4,3,211.3365798,90.79034,109.1938814
2009,1,3,213.6720901,93.01194,104.4461705
2009,2,3,214.1317194,93.82857,104.0040417
2009,3,3,213.7446674,94.06213,106.1386502
2009,4,3,217.1303047,95.7556,109.3413194
2010,1,3,218.5557415,97.44547,112.0859596
2010,2,3,220.5317037,96.58225,112.5118004
2010,3,3,221.7868119,95.97866,113.4257218
2010,4,3,222.9718407,98.68436,114.9106933
2011,1,3,224.6544293,100.26095,115.9944754
2011,2,3,226.9624548,98.51854,116.4620657
2011,3,3,229.6092018,97.98983,117.9813496
2011,4,3,231.889467,101.15058,119.6225905
2012,1,3,235.5787943,103.45864,120.4963085
2012,2,3,236.8213508,102.29623,122.0109257
2012,3,3,237.7726419,102.16986,122.0605247
2012,4,3,238.5464939,104.51784,119.6407043
2001,1,4,139.1748515,64.69369,99.65866832
2001,2,4,148.8890111,64.79176,99.63357944
2001,3,4,150.2941392,64.48174,100.053331
2001,4,4,153.1753381,65.91524,99.61450967
2002,1,4,157.919925,66.78716,98.55714561
2002,2,4,160.7391303,67.0039,99.32485004
2002,3,4,162.0016907,68.35155,99.45769375
2002,4,4,164.4573514,70.42674,99.49988738
2003,1,4,168.4041299,71.1492,100.7079991
2003,2,4,172.1640926,70.77429,99.84226644
2003,3,4,175.4898879,71.19399,98.64165685
2003,4,4,182.5441382,72.63454,101.4634522
2004,1,4,185.6179066,73.35659,104.3735571
2004,2,4,188.3328349,72.99309,102.9221253
2004,3,4,193.9705415,73.59219,104.2730928
2004,4,4,196.1398828,75.67129,104.9995635
2005,1,4,195.7142047,76.63122,105.0543786
2005,2,4,197.3317678,76.27549,105.7389947
2005,3,4,201.2678201,76.49747,107.8074637
2005,4,4,203.658229,78.41079,110.9397676
2006,1,4,207.1786034,79.39807,112.1336545
2006,2,4,211.1377452,78.6626,114.140797
2006,3,4,216.6983059,79.43625,113.2200485
2006,4,4,220.6648031,81.72802,112.9463419
2007,1,4,224.9452614,83.55978,116.283485
2007,2,4,228.0714313,82.46585,115.4359435
2007,3,4,229.6205218,83.28467,115.7224699
2007,4,4,231.1077561,85.12934,115.3218362
2008,1,4,236.584636,86.28085,116.4028017
2008,2,4,240.1411903,86.63075,115.8726575
2008,3,4,244.871317,87.45704,113.2364385
2008,4,4,252.3607907,89.91994,109.1938814
2009,1,4,260.7766734,91.42048,104.4461705
2009,2,4,260.0857469,91.91023,104.0040417
2009,3,4,263.6127126,92.62806,106.1386502
2009,4,4,265.6666565,94.61304,109.3413194
2010,1,4,269.421434,97.6002,112.0859596
2010,2,4,277.919361,96.94628,112.5118004
2010,3,4,282.5371683,96.78796,113.4257218
2010,4,4,286.678829,99.50953,114.9106933
2011,1,4,291.4760963,100.5996,115.9944754
2011,2,4,297.3218201,100.38507,116.4620657
2011,3,4,298.6085064,101.25503,117.9813496
2011,4,4,303.5188135,103.34767,119.6225905
2012,1,4,306.0260183,104.6625,120.4963085
2012,2,4,305.2254189,104.04536,122.0109257
2012,3,4,313.9412202,105.48562,122.0605247
2012,4,4,320.6404115,107.06214,119.6407043
2001,1,7,124.8881857,65.13635,99.65866832
2001,2,7,131.150943,65.38541,99.63357944
2001,3,7,132.5921872,65.77433,100.053331
2001,4,7,136.7576926,66.86802,99.61450967
2002,1,7,139.068972,66.61073,98.55714561
2002,2,7,139.4816616,66.78051,99.32485004
2002,3,7,141.9482292,68.06477,99.45769375
2002,4,7,144.5440699,69.7918,99.49988738
2003,1,7,146.7557214,70.26412,100.7079991
2003,2,7,151.1392264,70.56913,99.84226644
2003,3,7,154.2774597,71.64519,98.64165685
2003,4,7,157.345139,72.53215,101.4634522
2004,1,7,161.1471368,72.57803,104.3735571
2004,2,7,163.7666781,72.67485,102.9221253
2004,3,7,166.7964809,74.02229,104.2730928
2004,4,7,169.1553482,75.80919,104.9995635
2005,1,7,170.201784,76.14694,105.0543786
2005,2,7,174.3826695,77.0369,105.7389947
2005,3,7,176.029046,78.2523,107.8074637
2005,4,7,179.5093882,79.44102,110.9397676
2006,1,7,181.1499887,79.54372,112.1336545
2006,2,7,182.8755161,79.82588,114.140797
2006,3,7,184.9450816,81.49841,113.2200485
2006,4,7,186.7690535,83.17787,112.9463419
2007,1,7,189.7840571,83.78939,116.283485
2007,2,7,191.9345545,83.97574,115.4359435
2007,3,7,194.1544666,85.28865,115.7224699
2007,4,7,196.1457084,86.59246,115.3218362
2008,1,7,198.868396,86.61132,116.4028017
2008,2,7,203.3945252,87.10835,115.8726575
2008,3,7,206.0057945,89.33935,113.2364385
2008,4,7,209.7325901,91.0921,109.1938814
2009,1,7,211.1771068,91.8505,104.4461705
2009,2,7,211.1745959,92.8378,104.0040417
2009,3,7,214.3883188,93.89558,106.1386502
2009,4,7,215.9566976,94.76038,109.3413194
2010,1,7,219.1248642,96.32414,112.0859596
2010,2,7,220.1259727,96.15867,112.5118004
2010,3,7,222.5231062,97.14106,113.4257218
2010,4,7,224.2353532,99.1344,114.9106933
2011,1,7,226.821479,99.81397,115.9944754
2011,2,7,230.3997958,100.21957,116.4620657
2011,3,7,232.193846,101.65128,117.9813496
2011,4,7,235.5734426,103.19263,119.6225905
2012,1,7,238.8365075,104.46873,120.4963085
2012,2,7,242.3845571,104.86764,122.0109257
2012,3,7,245.6199296,106.78608,122.0605247
2012,4,7,248.7197762,107.89193,119.6407043
2001,1,8,115.9773034,67.45966,99.65866832
2001,2,8,119.2031218,68.34946,99.63357944
2001,3,8,118.5665699,68.94403,100.053331
2001,4,8,124.0367833,70.09139,99.61450967
2002,1,8,127.5740949,71.12244,98.55714561
2002,2,8,129.8145168,71.57213,99.32485004
2002,3,8,131.6978336,72.12535,99.45769375
2002,4,8,135.9515001,72.95479,99.49988738
2003,1,8,138.7077494,73.88352,100.7079991
2003,2,8,141.7438742,74.17031,99.84226644
2003,3,8,143.7783798,74.98674,98.64165685
2003,4,8,144.7249293,75.92261,101.4634522
2004,1,8,145.6257647,76.90037,104.3735571
2004,2,8,147.5254819,77.69226,102.9221253
2004,3,8,149.3969629,78.29057,104.2730928
2004,4,8,152.5776004,79.65784,104.9995635
2005,1,8,156.1429167,79.92043,105.0543786
2005,2,8,159.0792284,80.54308,105.7389947
2005,3,8,161.5694359,80.62048,107.8074637
2005,4,8,162.878107,81.57514,110.9397676
2006,1,8,163.6900531,82.41531,112.1336545
2006,2,8,165.8329386,82.62997,114.140797
2006,3,8,169.4719102,83.04882,113.2200485
2006,4,8,170.9839848,84.28456,112.9463419
2007,1,8,174.007559,85.68667,116.283485
2007,2,8,175.3574687,85.71663,115.4359435
2007,3,8,176.4364344,85.90793,115.7224699
2007,4,8,178.3645328,87.38842,115.3218362
2008,1,8,181.6934079,88.63824,116.4028017
2008,2,8,185.3028853,88.97514,115.8726575
2008,3,8,188.1164107,89.94175,113.2364385
2008,4,8,190.9191574,91.4307,109.1938814
2009,1,8,193.2839176,92.99049,104.4461705
2009,2,8,195.4258246,93.52397,104.0040417
2009,3,8,197.0425385,94.11521,106.1386502
2009,4,8,201.4216351,95.52848,109.3413194
2010,1,8,200.8571935,97.89596,112.0859596
2010,2,8,202.5935562,97.66089,112.5118004
2010,3,8,204.1609107,97.41559,113.4257218
2010,4,8,206.2335994,99.08423,114.9106933
2011,1,8,209.7299482,100.34032,115.9944754
2011,2,8,212.0898255,99.89474,116.4620657
2011,3,8,214.837185,99.84439,117.9813496
2011,4,8,217.1857408,102.11575,119.6225905
2012,1,8,219.2438372,104.05239,120.4963085
2012,2,8,221.3966524,103.60736,122.0109257
2012,3,8,225.539213,104.55177,122.0605247
2012,4,8,225.908401,106.08272,119.6407043
2001,1,5,95.96498921,67.07429,99.65866832
2001,2,5,98.68005519,67.81916,99.63357944
2001,3,5,99.56289059,67.95997,100.053331
2001,4,5,102.2680149,69.11646,99.61450967
2002,1,5,105.3999523,70.04254,98.55714561
2002,2,5,106.6712766,70.48181,99.32485004
2002,3,5,109.3390121,71.01547,99.45769375
2002,4,5,110.7453463,72.09675,99.49988738
2003,1,5,112.1968842,73.37241,100.7079991
2003,2,5,114.3816377,73.15475,99.84226644
2003,3,5,115.6334779,73.06788,98.64165685
2003,4,5,118.2361429,74.45488,101.4634522
2004,1,5,118.3293421,76.24296,104.3735571
2004,2,5,119.9180317,75.87222,102.9221253
2004,3,5,122.3119924,75.99681,104.2730928
2004,4,5,123.8511268,78.09496,104.9995635
2005,1,5,125.3225642,78.96765,105.0543786
2005,2,5,127.7149254,78.7981,105.7389947
2005,3,5,130.5551058,78.55907,107.8074637
2005,4,5,131.031472,80.02407,110.9397676
2006,1,5,133.7383575,81.4771,112.1336545
2006,2,5,136.3992799,80.72975,114.140797
2006,3,5,138.5874299,81.19735,113.2200485
2006,4,5,141.0466331,83.26959,112.9463419
2007,1,5,146.7395112,85.01887,116.283485
2007,2,5,147.1928789,83.54241,115.4359435
2007,3,5,148.3324214,84.43626,115.7224699
2007,4,5,154.2063107,87.17396,115.3218362
2008,1,5,155.8421475,88.1873,116.4028017
2008,2,5,158.1537151,87.81516,115.8726575
2008,3,5,159.5367675,89.12145,113.2364385
2008,4,5,163.8910566,92.31458,109.1938814
2009,1,5,165.9605875,93.4674,104.4461705
2009,2,5,166.9101528,92.8163,104.0040417
2009,3,5,169.0878927,93.45304,106.1386502
2009,4,5,171.2415736,95.59767,109.3413194
2010,1,5,175.108561,97.49467,112.0859596
2010,2,5,179.1469377,95.98384,112.5118004
2010,3,5,183.9124192,96.57194,113.4257218
2010,4,5,187.6673524,99.59449,114.9106933
2011,1,5,188.7286725,100.51131,115.9944754
2011,2,5,192.8119607,97.25162,116.4620657
2011,3,5,194.7451968,97.72813,117.9813496
2011,4,5,195.4008204,102.66137,119.6225905
2012,1,5,199.5456799,104.26829,120.4963085
2012,2,5,202.6703857,100.9831,122.0109257
2012,3,5,204.2085678,102.02102,122.0605247
2012,4,5,204.8566067,106.2995,119.6407043
2001,1,6,127.6255108,64.57047,99.65866832
2001,2,6,133.2948597,65.54202,99.63357944
2001,3,6,134.067903,66.41717,100.053331
2001,4,6,140.1410858,67.49396,99.61450967
2002,1,6,141.7132601,68.3071,98.55714561
2002,2,6,143.1354423,68.8873,99.32485004
2002,3,6,146.1424626,69.96159,99.45769375
2002,4,6,148.790082,71.25179,99.49988738
2003,1,6,150.3927404,72.26828,100.7079991
2003,2,6,153.3515368,72.72947,99.84226644
2003,3,6,154.979339,73.20704,98.64165685
2003,4,6,157.0107859,74.46934,101.4634522
2004,1,6,160.3419812,75.68905,104.3735571
2004,2,6,162.760295,75.67672,102.9221253
2004,3,6,164.841392,76.95544,104.2730928
2004,4,6,167.0356521,78.5293,104.9995635
2005,1,6,168.8695603,78.8107,105.0543786
2005,2,6,171.3833579,79.34882,105.7389947
2005,3,6,173.4934513,79.48243,107.8074637
2005,4,6,175.6842613,80.22464,110.9397676
2006,1,6,177.6577353,81.31591,112.1336545
2006,2,6,179.5410849,81.17067,114.140797
2006,3,6,183.5111701,81.86925,113.2200485
2006,4,6,185.8215408,83.55464,112.9463419
2007,1,6,189.0132177,84.5391,116.283485
2007,2,6,191.1047429,84.64833,115.4359435
2007,3,6,193.7900775,85.53077,115.7224699
2007,4,6,196.0223176,87.14345,115.3218362
2008,1,6,198.4629502,87.76528,116.4028017
2008,2,6,202.2636826,88.53782,115.8726575
2008,3,6,206.3310206,89.50588,113.2364385
2008,4,6,210.3088784,91.53047,109.1938814
2009,1,6,213.0522288,92.98516,104.4461705
2009,2,6,214.8149377,93.41384,104.0040417
2009,3,6,215.5691313,93.88938,106.1386502
2009,4,6,216.1739777,95.31899,109.3413194
2010,1,6,217.0729326,97.44912,112.0859596
2010,2,6,217.8261269,97.37771,112.5118004
2010,3,6,220.2599431,97.90308,113.4257218
2010,4,6,222.2520991,99.25042,114.9106933
2011,1,6,224.3402786,100.74009,115.9944754
2011,2,6,226.6715859,100.74051,116.4620657
2011,3,6,227.6298083,101.42499,117.9813496
2011,4,6,229.3896688,102.80004,119.6225905
2012,1,6,231.8652393,104.8164,120.4963085
2012,2,6,233.7254516,104.94491,122.0109257
2012,3,6,236.0044949,106.39869,122.0605247
2012,4,6,238.5249081,107.92319,119.6407043
2001,1,9,195.5925809,64.14555,99.65866832
2001,2,9,201.9615753,65.02113,99.63357944
2001,3,9,205.1437416,65.69273,100.053331
2001,4,9,210.9178064,66.63996,99.61450967
2002,1,9,214.1002968,67.41398,98.55714561
2002,2,9,216.0252781,68.39629,99.32485004
2002,3,9,219.6406935,69.2946,99.45769375
2002,4,9,223.2902346,70.11991,99.49988738
2003,1,9,225.4237307,71.09564,100.7079991
2003,2,9,229.6757279,71.86718,99.84226644
2003,3,9,233.3099668,72.15147,98.64165685
2003,4,9,237.1029789,73.04209,101.4634522
2004,1,9,240.8161492,74.38147,104.3735571
2004,2,9,244.3245206,74.9469,102.9221253
2004,3,9,248.9401967,75.67783,104.2730928
2004,4,9,251.0776357,76.84484,104.9995635
2005,1,9,253.9616348,77.44844,105.0543786
2005,2,9,256.568648,78.12042,105.7389947
2005,3,9,259.6909845,78.66961,107.8074637
2005,4,9,263.7260447,79.20639,110.9397676
2006,1,9,267.6390732,80.10326,112.1336545
2006,2,9,270.7329555,80.50641,114.140797
2006,3,9,273.4846757,81.43913,113.2200485
2006,4,9,277.1336198,82.63548,112.9463419
2007,1,9,281.8784742,83.4929,116.283485
2007,2,9,284.4056034,83.87464,115.4359435
2007,3,9,286.5353408,84.75839,115.7224699
2007,4,9,290.6521151,85.66098,115.3218362
2008,1,9,294.0536427,86.89879,116.4028017
2008,2,9,297.8996799,88.16743,115.8726575
2008,3,9,302.3872741,89.54883,113.2364385
2008,4,9,305.6757059,91.23959,109.1938814
2009,1,9,308.2821918,92.31532,104.4461705
2009,2,9,311.2396373,93.44836,104.0040417
2009,3,9,313.3617564,94.08876,106.1386502
2009,4,9,312.6310955,94.74377,109.3413194
2010,1,9,315.5857333,96.80104,112.0859596
2010,2,9,317.9860753,97.44847,112.5118004
2010,3,9,321.4180274,97.97618,113.4257218
2010,4,9,325.4172381,99.18611,114.9106933
2011,1,9,329.326536,100.42242,115.9944754
2011,2,9,333.2110644,101.05173,116.4620657
2011,3,9,337.699881,101.71618,117.9813496
2011,4,9,341.6557789,102.83831,119.6225905
2012,1,9,346.661067,104.41001,120.4963085
2012,2,9,349.3279018,104.89676,122.0109257
2012,3,9,351.2541985,106.30153,122.0605247
2012,4,9,354.2878349,107.10596,119.6407043
2001,1,10,91.57453711,63.9941,99.65866832
2001,2,10,96.378497,65.16295,99.63357944
2001,3,10,98.7617822,65.49646,100.053331
2001,4,10,102.3149704,66.32373,99.61450967
2002,1,10,103.55848,67.29379,98.55714561
2002,2,10,104.782841,68.23101,99.32485004
2002,3,10,106.6783826,68.90271,99.45769375
2002,4,10,109.5448944,69.81554,99.49988738
2003,1,10,110.2851341,70.59115,100.7079991
2003,2,10,112.827504,71.42321,99.84226644
2003,3,10,116.283859,71.66466,98.64165685
2003,4,10,119.176012,72.25016,101.4634522
2004,1,10,122.2624142,73.17182,104.3735571
2004,2,10,125.2825875,74.29701,102.9221253
2004,3,10,126.9594162,75.17197,104.2730928
2004,4,10,129.2479517,76.52319,104.9995635
2005,1,10,131.097161,77.09875,105.0543786
2005,2,10,131.9131343,78.37909,105.7389947
2005,3,10,134.9515353,78.63894,107.8074637
2005,4,10,136.7237708,79.12939,110.9397676
2006,1,10,138.4117053,79.85539,112.1336545
2006,2,10,139.5845162,80.46695,114.140797
2006,3,10,141.6349615,81.2377,113.2200485
2006,4,10,143.6215654,82.28087,112.9463419
2007,1,10,146.5211078,83.35644,116.283485
2007,2,10,149.0532784,83.90983,115.4359435
2007,3,10,151.1704858,85.0781,115.7224699
2007,4,10,153.9388701,86.40855,115.3218362
2008,1,10,155.9076754,87.38076,116.4028017
2008,2,10,158.7573971,88.64743,115.8726575
2008,3,10,161.3652917,90.3435,113.2364385
2008,4,10,164.6749129,91.96224,109.1938814
2009,1,10,167.1454974,92.92015,104.4461705
2009,2,10,167.3213562,94.10377,104.0040417
2009,3,10,168.3970145,95.16689,106.1386502
2009,4,10,169.3842209,95.7723,109.3413194
2010,1,10,171.8963568,97.33268,112.0859596
2010,2,10,174.3819539,98.04957,112.5118004
2010,3,10,176.1141131,98.57828,113.4257218
2010,4,10,177.817606,99.54068,114.9106933
2011,1,10,179.8871197,101.02758,115.9944754
2011,2,10,182.5756555,101.76296,116.4620657
2011,3,10,184.9789769,102.45797,117.9813496
2011,4,10,186.9213356,103.65716,119.6225905
2012,1,10,189.303263,105.63001,120.4963085
2012,2,10,191.8165835,106.33076,122.0109257
2012,3,10,196.1804976,107.86131,122.0605247
2012,4,10,197.6562288,108.59734,119.6407043
2001,1,11,105.8206984,66.46889,99.65866832
2001,2,11,110.6843161,67.48592,99.63357944
2001,3,11,113.3850723,67.68807,100.053331
2001,4,11,117.802594,68.34655,99.61450967
2002,1,11,120.9755324,68.82513,98.55714561
2002,2,11,122.1646634,69.98237,99.32485004
2002,3,11,124.4842502,70.78633,99.45769375
2002,4,11,127.6647128,71.69526,99.49988738
2003,1,11,131.1327032,72.2697,100.7079991
2003,2,11,135.2825749,72.93805,99.84226644
2003,3,11,139.1225588,73.42634,98.64165685
2003,4,11,141.6608199,74.21606,101.4634522
2004,1,11,143.1413911,75.32345,104.3735571
2004,2,11,146.0449948,76.25129,102.9221253
2004,3,11,148.6296723,76.9134,104.2730928
2004,4,11,151.0518404,78.06007,104.9995635
2005,1,11,153.9366048,78.47569,105.0543786
2005,2,11,155.1096301,79.30061,105.7389947
2005,3,11,157.6388785,79.92672,107.8074637
2005,4,11,160.8425564,80.50625,110.9397676
2006,1,11,162.8278067,81.03433,112.1336545
2006,2,11,165.8314319,81.16548,114.140797
2006,3,11,167.3932106,82.12852,113.2200485
2006,4,11,169.8289549,83.34012,112.9463419
2007,1,11,172.1563617,83.98074,116.283485
2007,2,11,173.7897481,84.52247,115.4359435
2007,3,11,175.5147282,85.56916,115.7224699
2007,4,11,177.4714926,86.4021,115.3218362
2008,1,11,179.7404584,87.02444,116.4028017
2008,2,11,181.9852385,88.19379,115.8726575
2008,3,11,184.7319864,89.78945,113.2364385
2008,4,11,186.4287731,91.36965,109.1938814
2009,1,11,188.4669966,91.93621,104.4461705
2009,2,11,190.5266622,93.10875,104.0040417
2009,3,11,191.1329817,94.00417,106.1386502
2009,4,11,193.4527945,94.69338,109.3413194
2010,1,11,195.6914343,96.57235,112.0859596
2010,2,11,196.7609217,97.11368,112.5118004
2010,3,11,198.393426,97.80432,113.4257218
2010,4,11,200.2022549,99.27413,114.9106933
2011,1,11,201.7009271,100.57514,115.9944754
2011,2,11,204.0869732,100.97691,116.4620657
2011,3,11,205.9303603,101.74524,117.9813496
2011,4,11,207.5920863,102.73181,119.6225905
2012,1,11,210.083958,104.61641,120.4963085
2012,2,11,212.915371,105.01281,122.0109257
2012,3,11,216.582934,106.36148,122.0605247
2012,4,11,216.970861,107.15159,119.6407043
2001,1,12,108.6452264,66.68011,99.65866832
2001,2,12,114.8916306,67.49124,99.63357944
2001,3,12,113.851012,67.56959,100.053331
2001,4,12,118.4515546,68.34884,99.61450967
2002,1,12,121.5553658,68.60048,98.55714561
2002,2,12,122.961969,69.82623,99.32485004
2002,3,12,124.7439092,70.73449,99.45769375
2002,4,12,126.5978598,71.73047,99.49988738
2003,1,12,128.4435329,72.18056,100.7079991
2003,2,12,131.3543791,72.55489,99.84226644
2003,3,12,134.2226812,72.97465,98.64165685
2003,4,12,136.4277466,73.68874,101.4634522
2004,1,12,136.8067442,74.69305,104.3735571
2004,2,12,139.7365083,75.16024,102.9221253
2004,3,12,141.9987086,76.17594,104.2730928
2004,4,12,145.1618749,77.45965,104.9995635
2005,1,12,148.95199,77.82015,105.0543786
2005,2,12,151.2890664,78.5753,105.7389947
2005,3,12,153.6300553,79.07179,107.8074637
2005,4,12,156.3785793,79.81586,110.9397676
2006,1,12,158.4614156,80.88732,112.1336545
2006,2,12,160.5697629,81.28762,114.140797
2006,3,12,162.5459952,82.08339,113.2200485
2006,4,12,163.4694055,83.23558,112.9463419
2007,1,12,167.4854574,84.23305,116.283485
2007,2,12,170.2202724,84.62087,115.4359435
2007,3,12,172.0869245,85.52732,115.7224699
2007,4,12,174.1516413,86.65112,115.3218362
2008,1,12,176.9896399,87.65081,116.4028017
2008,2,12,180.7530873,88.89306,115.8726575
2008,3,12,185.0849953,90.57067,113.2364385
2008,4,12,189.033623,92.61096,109.1938814
2009,1,12,191.4361945,92.83833,104.4461705
2009,2,12,192.8783532,93.95789,104.0040417
2009,3,12,192.9007841,94.42477,106.1386502
2009,4,12,195.2080662,95.14065,109.3413194
2010,1,12,197.2004789,96.99358,112.0859596
2010,2,12,199.1282882,97.7938,112.5118004
2010,3,12,202.187002,98.12423,113.4257218
2010,4,12,203.082692,99.00085,114.9106933
2011,1,12,204.5536113,100.74358,115.9944754
2011,2,12,207.5622908,101.11595,116.4620657
2011,3,12,212.064895,101.88367,117.9813496
2011,4,12,212.2844718,102.94646,119.6225905
2012,1,12,217.1715769,104.57707,120.4963085
2012,2,12,219.4148266,105.29906,122.0109257
2012,3,12,222.9201739,106.8139,122.0605247
2012,4,12,221.4799254,107.78596,119.6407043
2001,1,13,112.0875972,66.60103,99.65866832
2001,2,13,116.4238502,67.12348,99.63357944
2001,3,13,118.7421247,67.04622,100.053331
2001,4,13,121.4288662,68.27781,99.61450967
2002,1,13,124.9105304,68.90592,98.55714561
2002,2,13,126.8265211,69.67039,99.32485004
2002,3,13,127.8877072,70.56299,99.45769375
2002,4,13,131.1573913,71.60885,99.49988738
2003,1,13,132.7375817,72.3134,100.7079991
2003,2,13,135.092273,72.89618,99.84226644
2003,3,13,138.3204651,73.24764,98.64165685
2003,4,13,140.6414466,73.89468,101.4634522
2004,1,13,141.7409011,75.17307,104.3735571
2004,2,13,143.6613305,75.76669,102.9221253
2004,3,13,147.9365979,76.38792,104.2730928
2004,4,13,147.4819056,78.12785,104.9995635
2005,1,13,150.16127,78.51446,105.0543786
2005,2,13,152.6683077,79.3693,105.7389947
2005,3,13,154.7986053,79.83589,107.8074637
2005,4,13,156.8689269,80.5917,110.9397676
2006,1,13,159.7225915,81.53899,112.1336545
2006,2,13,162.5379273,81.50512,114.140797
2006,3,13,164.9801811,82.49313,113.2200485
2006,4,13,168.0367149,84.13081,112.9463419
2007,1,13,170.7884986,84.74331,116.283485
2007,2,13,172.0816622,84.99049,115.4359435
2007,3,13,174.8384724,86.02025,115.7224699
2007,4,13,178.4008157,87.30733,115.3218362
2008,1,13,179.8124028,88.11353,116.4028017
2008,2,13,182.5755778,89.08459,115.8726575
2008,3,13,185.5594225,90.27538,113.2364385
2008,4,13,188.3413727,92.46782,109.1938814
2009,1,13,189.5948765,93.25591,104.4461705
2009,2,13,191.5329337,94.2648,104.0040417
2009,3,13,191.6184822,95.27217,106.1386502
2009,4,13,192.2182632,96.05063,109.3413194
2010,1,13,194.3152072,97.6171,112.0859596
2010,2,13,195.4422622,97.45639,112.5118004
2010,3,13,198.0407445,97.99666,113.4257218
2010,4,13,201.3880393,99.4857,114.9106933
2011,1,13,205.4114098,100.57759,115.9944754
2011,2,13,208.8979969,100.36301,116.4620657
2011,3,13,211.4579879,101.66077,117.9813496
2011,4,13,212.8247538,103.45604,119.6225905
2012,1,13,215.901246,105.84042,120.4963085
2012,2,13,217.3459855,105.77911,122.0109257
2012,3,13,220.4642907,107.45998,122.0605247
2012,4,13,223.7668559,109.41472,119.6407043
2001,1,14,129.969638,60.28266,99.65866832
2001,2,14,134.1208969,60.22394,99.63357944
2001,3,14,134.8561515,60.40406,100.053331
2001,4,14,139.8428013,61.26279,99.61450967
2002,1,14,142.4036982,62.10319,98.55714561
2002,2,14,143.7260242,63.31019,99.32485004
2002,3,14,145.1813779,64.29967,99.45769375
2002,4,14,148.2286262,65.41763,99.49988738
2003,1,14,150.7508167,66.46059,100.7079991
2003,2,14,154.7783453,67.32157,99.84226644
2003,3,14,159.1351327,67.67054,98.64165685
2003,4,14,161.1525171,68.54005,101.4634522
2004,1,14,163.3358421,69.90513,104.3735571
2004,2,14,165.7503339,70.48657,102.9221253
2004,3,14,167.8564665,71.87965,104.2730928
2004,4,14,170.8408373,73.46331,104.9995635
2005,1,14,173.62361,74.22353,105.0543786
2005,2,14,175.7657675,75.46876,105.7389947
2005,3,14,178.1077755,76.34314,107.8074637
2005,4,14,180.3892649,76.72199,110.9397676
2006,1,14,182.0959203,77.99754,112.1336545
2006,2,14,184.4085336,78.62013,114.140797
2006,3,14,186.8700331,79.61563,113.2200485
2006,4,14,189.4865023,81.1361,112.9463419
2007,1,14,192.2192741,82.89136,116.283485
2007,2,14,193.9652218,82.98697,115.4359435
2007,3,14,196.6187624,84.17163,115.7224699
2007,4,14,198.7518806,85.47657,115.3218362
2008,1,14,201.7451946,86.8575,116.4028017
2008,2,14,204.3977364,88.43019,115.8726575
2008,3,14,206.5016469,89.35782,113.2364385
2008,4,14,209.1839904,90.92175,109.1938814
2009,1,14,210.0703735,93.17152,104.4461705
2009,2,14,211.6287512,94.79845,104.0040417
2009,3,14,213.270201,95.04582,106.1386502
2009,4,14,215.4194965,95.43952,109.3413194
2010,1,14,217.5526949,97.92737,112.0859596
2010,2,14,219.418931,97.75516,112.5118004
2010,3,14,221.5200784,98.24833,113.4257218
2010,4,14,223.5769636,99.3699,114.9106933
2011,1,14,226.058206,100.41496,115.9944754
2011,2,14,228.3012072,101.43783,116.4620657
2011,3,14,230.2609931,102.11619,117.9813496
2011,4,14,232.8658901,103.12461,119.6225905
2012,1,14,235.9604741,105.79209,120.4963085
2012,2,14,237.3226062,106.25142,122.0109257
2012,3,14,240.2874971,107.77852,122.0605247
2012,4,14,241.5977346,108.84838,119.6407043
2001,1,15,147.9209113,66.01305,99.65866832
2001,2,15,153.4997459,66.66601,99.63357944
2001,3,15,153.6807589,67.13708,100.053331
2001,4,15,159.7818963,67.82647,99.61450967
2002,1,15,162.7090405,68.63046,98.55714561
2002,2,15,164.1667615,69.75435,99.32485004
2002,3,15,166.4515737,70.51058,99.45769375
2002,4,15,169.9767935,71.60757,99.49988738
2003,1,15,170.9877225,72.17841,100.7079991
2003,2,15,173.6146286,72.39397,99.84226644
2003,3,15,176.8977013,73.01333,98.64165685
2003,4,15,178.7298856,73.9512,101.4634522
2004,1,15,181.4722075,74.99179,104.3735571
2004,2,15,183.9142247,75.74943,102.9221253
2004,3,15,186.8523253,76.99294,104.2730928
2004,4,15,188.7723359,78.41342,104.9995635
2005,1,15,191.7393025,78.68663,105.0543786
2005,2,15,193.1787622,79.92321,105.7389947
2005,3,15,194.0075898,80.28632,107.8074637
2005,4,15,196.6128131,80.59949,110.9397676
2006,1,15,197.810986,81.38033,112.1336545
2006,2,15,200.4311699,81.68957,114.140797
2006,3,15,202.0927976,82.45737,113.2200485
2006,4,15,204.7047029,83.236,112.9463419
2007,1,15,207.8188116,84.2982,116.283485
2007,2,15,211.128014,84.73219,115.4359435
2007,3,15,214.711259,85.44254,115.7224699
2007,4,15,216.7744498,86.47069,115.3218362
2008,1,15,219.9563818,87.42928,116.4028017
2008,2,15,223.2561166,88.65918,115.8726575
2008,3,15,225.481385,89.92472,113.2364385
2008,4,15,228.7191905,91.01028,109.1938814
2009,1,15,231.398278,91.68948,104.4461705
2009,2,15,232.0714252,92.52099,104.0040417
2009,3,15,233.8799926,93.67218,106.1386502
2009,4,15,236.0374167,94.62771,109.3413194
2010,1,15,237.3772726,97.19197,112.0859596
2010,2,15,238.8572799,97.37012,112.5118004
2010,3,15,241.2581068,97.86591,113.4257218
2010,4,15,243.7015553,99.11513,114.9106933
2011,1,15,246.933586,100.36752,115.9944754
2011,2,15,249.4193985,100.8341,116.4620657
2011,3,15,250.6466646,101.34209,117.9813496
2011,4,15,251.6926173,102.27708,119.6225905
2012,1,15,253.226533,103.71469,120.4963085
2012,2,15,255.5726661,104.38615,122.0109257
2012,3,15,258.3875449,105.94583,122.0605247
2012,4,15,260.18782,106.75902,119.6407043
2001,1,16,111.5958666,65.55642,99.65866832
2001,2,16,115.3712329,66.48317,99.63357944
2001,3,16,117.3075145,66.89777,100.053331
2001,4,16,120.3203822,67.72188,99.61450967
2002,1,16,123.6332153,68.38091,98.55714561
2002,2,16,125.4208848,69.07195,99.32485004
2002,3,16,128.3677586,69.7259,99.45769375
2002,4,16,131.364164,70.57714,99.49988738
2003,1,16,132.1535238,71.61205,100.7079991
2003,2,16,134.9620005,72.27326,99.84226644
2003,3,16,137.676768,72.92921,98.64165685
2003,4,16,141.2153934,73.67397,101.4634522
2004,1,16,145.7093708,74.83766,104.3735571
2004,2,16,148.1248078,75.22796,102.9221253
2004,3,16,149.7750654,76.49096,104.2730928
2004,4,16,151.4797945,78.07654,104.9995635
2005,1,16,155.2499562,78.68364,105.0543786
2005,2,16,159.0488053,79.83919,105.7389947
2005,3,16,166.6792344,80.59902,107.8074637
2005,4,16,164.0660468,80.92103,110.9397676
2006,1,16,164.4536706,81.79279,112.1336545
2006,2,16,165.6066401,82.05168,114.140797
2006,3,16,166.2313451,82.83736,113.2200485
2006,4,16,170.6984989,83.93082,112.9463419
2007,1,16,172.1944574,85.19544,116.283485
2007,2,16,173.7374112,85.60121,115.4359435
2007,3,16,175.0453397,86.56815,115.7224699
2007,4,16,177.1519496,87.46324,115.3218362
2008,1,16,180.1046293,88.162,116.4028017
2008,2,16,182.9790816,89.28149,115.8726575
2008,3,16,188.8703885,90.99797,113.2364385
2008,4,16,190.2605779,92.74799,109.1938814
2009,1,16,192.1183017,94.06538,104.4461705
2009,2,16,195.5205914,94.96056,104.0040417
2009,3,16,197.552263,95.71721,106.1386502
2009,4,16,200.8201708,95.80245,109.3413194
2010,1,16,203.2897407,97.22545,112.0859596
2010,2,16,204.5775082,97.30237,112.5118004
2010,3,16,206.6539085,97.92029,113.4257218
2010,4,16,208.4596884,98.9145,114.9106933
2011,1,16,210.8211236,101.01797,115.9944754
2011,2,16,212.4689187,101.66028,116.4620657
2011,3,16,214.5447324,102.2689,117.9813496
2011,4,16,216.9806521,103.55648,119.6225905
2012,1,16,220.4022881,105.06491,120.4963085
2012,2,16,224.3596868,105.77343,122.0109257
2012,3,16,227.7402744,107.55825,122.0605247
2012,4,16,230.1536208,107.99005,119.6407043
2001,1,17,131.4551973,68.18756,99.65866832
2001,2,17,137.6651146,68.77006,99.63357944
2001,3,17,138.6980813,69.16633,100.053331
2001,4,17,144.1013629,70.31925,99.61450967
2002,1,17,147.8813972,71.04804,98.55714561
2002,2,17,149.5022967,72.05772,99.32485004
2002,3,17,154.2614201,72.55924,99.45769375
2002,4,17,157.1825037,73.62786,99.49988738
2003,1,17,159.1513831,74.45237,100.7079991
2003,2,17,161.0026228,75.33445,99.84226644
2003,3,17,163.1437268,76.11253,98.64165685
2003,4,17,165.5671308,77.06657,101.4634522
2004,1,17,167.3202006,78.16033,104.3735571
2004,2,17,169.3254704,78.62032,102.9221253
2004,3,17,172.9738045,79.13404,104.2730928
2004,4,17,176.4250222,80.66902,104.9995635
2005,1,17,180.169116,81.19132,105.0543786
2005,2,17,182.8367389,81.47394,105.7389947
2005,3,17,186.9258778,81.68147,107.8074637
2005,4,17,187.3003889,82.48493,110.9397676
2006,1,17,190.0549703,83.13128,112.1336545
2006,2,17,192.7619015,82.96167,114.140797
2006,3,17,194.8065581,83.88629,113.2200485
2006,4,17,197.6092149,85.40549,112.9463419
2007,1,17,201.3377608,86.25858,116.283485
2007,2,17,204.1482896,86.06254,115.4359435
2007,3,17,205.0689359,86.82744,115.7224699
2007,4,17,206.6972108,87.94639,115.3218362
2008,1,17,208.6810145,88.66767,116.4028017
2008,2,17,211.7945834,89.71529,115.8726575
2008,3,17,213.8424124,90.86132,113.2364385
2008,4,17,216.94508,92.53607,109.1938814
2009,1,17,219.3878219,93.35402,104.4461705
2009,2,17,220.888221,94.53712,104.0040417
2009,3,17,223.4612762,95.21422,106.1386502
2009,4,17,226.115974,95.62736,109.3413194
2010,1,17,228.8312453,97.37196,112.0859596
2010,2,17,232.1619539,97.81851,112.5118004
2010,3,17,234.4082325,98.01406,113.4257218
2010,4,17,236.5875313,99.25186,114.9106933
2011,1,17,240.66678,100.42559,115.9944754
2011,2,17,241.8908115,100.94744,116.4620657
2011,3,17,244.9929527,101.7446,117.9813496
2011,4,17,248.208799,102.71176,119.6225905
2012,1,17,250.8203384,104.48624,120.4963085
2012,2,17,253.9462262,104.74119,122.0109257
2012,3,17,257.8028293,106.16024,122.0605247
2012,4,17,260.749362,107.16357,119.6407043
2001,1,18,95.03347064,61.94029,99.65866832
2001,2,18,98.89023138,62.5745,99.63357944
2001,3,18,99.9135376,63.14739,100.053331
2001,4,18,104.2167834,64.73764,99.61450967
2002,1,18,106.9326455,66.71455,98.55714561
2002,2,18,108.8463871,67.16231,99.32485004
2002,3,18,111.1480485,67.66773,99.45769375
2002,4,18,114.166815,68.96761,99.49988738
2003,1,18,115.9254784,70.02053,100.7079991
2003,2,18,118.6459813,70.49936,99.84226644
2003,3,18,122.2279638,70.83684,98.64165685
2003,4,18,126.5601406,71.50954,101.4634522
2004,1,18,134.8744366,72.61308,104.3735571
2004,2,18,140.0585688,72.88388,102.9221253
2004,3,18,143.0338207,74.28847,104.2730928
2004,4,18,145.5116162,76.2372,104.9995635
2005,1,18,146.5514203,76.65159,105.0543786
2005,2,18,150.4977392,77.35753,105.7389947
2005,3,18,154.2680343,77.68793,107.8074637
2005,4,18,156.377242,78.49776,110.9397676
2006,1,18,156.4823801,79.50443,112.1336545
2006,2,18,159.6478128,79.63804,114.140797
2006,3,18,162.7399771,80.5042,113.2200485
2006,4,18,162.2432349,81.87147,112.9463419
2007,1,18,162.6766906,82.95082,116.283485
2007,2,18,162.6197053,83.15648,115.4359435
2007,3,18,163.9600137,84.18091,115.7224699
2007,4,18,166.1113395,85.40817,115.3218362
2008,1,18,168.7015307,86.73931,116.4028017
2008,2,18,170.8849587,87.89796,115.8726575
2008,3,18,173.1773292,89.38467,113.2364385
2008,4,18,174.5948905,91.0616,109.1938814
2009,1,18,174.7248075,92.41949,104.4461705
2009,2,18,176.8301072,93.78761,104.0040417
2009,3,18,176.9734912,94.38948,106.1386502
2009,4,18,178.8747886,95.06416,109.3413194
2010,1,18,180.8471666,97.20342,112.0859596
2010,2,18,182.8961977,97.23804,112.5118004
2010,3,18,184.7817701,98.19322,113.4257218
2010,4,18,186.753417,99.35654,114.9106933
2011,1,18,189.1812902,101.00173,115.9944754
2011,2,18,190.5995779,101.18309,116.4620657
2011,3,18,192.5333721,101.93206,117.9813496
2011,4,18,195.5051654,103.08892,119.6225905
2012,1,18,199.4579895,104.96501,120.4963085
2012,2,18,201.7123944,105.38126,122.0109257
2012,3,18,203.8303273,106.548,122.0605247
2012,4,18,205.491102,107.25504,119.6407043
2001,1,19,155.3853926,66.86267,99.65866832
2001,2,19,161.4161082,67.41153,99.63357944
2001,3,19,164.0151693,67.54357,100.053331
2001,4,19,169.7828773,68.6698,99.61450967
2002,1,19,172.9138129,70.30767,98.55714561
2002,2,19,174.9606673,70.99426,99.32485004
2002,3,19,177.9328517,71.75928,99.45769375
2002,4,19,181.3205224,72.97169,99.49988738
2003,1,19,183.1779795,74.21159,100.7079991
2003,2,19,186.9922768,74.58703,99.84226644
2003,3,19,190.605079,74.98986,98.64165685
2003,4,19,194.2292071,76.0041,101.4634522
2004,1,19,197.9434629,77.20321,104.3735571
2004,2,19,201.138337,77.56838,102.9221253
2004,3,19,204.1228112,78.06049,104.2730928
2004,4,19,207.2502767,79.19677,104.9995635
2005,1,19,210.6449883,79.89284,105.0543786
2005,2,19,213.4970804,79.71648,105.7389947
2005,3,19,216.7831495,79.78033,107.8074637
2005,4,19,218.7666908,81.27051,110.9397676
2006,1,19,222.1445979,82.87125,112.1336545
2006,2,19,224.7492582,81.98322,114.140797
2006,3,19,227.9325953,81.9075,113.2200485
2006,4,19,231.382084,83.71735,112.9463419
2007,1,19,234.5771146,85.50765,116.283485
2007,2,19,237.9719746,84.36421,115.4359435
2007,3,19,241.4878775,85.07853,115.7224699
2007,4,19,244.8148074,86.8342,115.3218362
2008,1,19,248.2023091,88.19424,116.4028017
2008,2,19,252.0735953,88.13792,115.8726575
2008,3,19,255.4293897,89.61481,113.2364385
2008,4,19,258.6574642,92.37824,109.1938814
2009,1,19,262.0993957,94.68052,104.4461705
2009,2,19,262.2796732,94.56942,104.0040417
2009,3,19,266.1915842,95.38974,106.1386502
2009,4,19,266.9674289,97.35537,109.3413194
2010,1,19,269.0323929,98.88504,112.0859596
2010,2,19,270.6811387,97.26932,112.5118004
2010,3,19,272.5480769,97.26642,113.4257218
2010,4,19,275.6212134,99.67238,114.9106933
2011,1,19,278.6176092,100.67302,115.9944754
2011,2,19,281.394268,100.06565,116.4620657
2011,3,19,284.1328575,100.59425,117.9813496
2011,4,19,287.0445708,102.79146,119.6225905
2012,1,19,289.9738979,104.24292,120.4963085
2012,2,19,293.3028646,103.48355,122.0109257
2012,3,19,296.4632376,104.57665,122.0605247
2012,4,19,298.3307522,106.40507,119.6407043
2001,1,20,100.6544482,62.60042,99.65866832
2001,2,20,105.4985857,63.29581,99.63357944
2001,3,20,108.1758379,64.06124,100.053331
2001,4,20,111.441198,65.46487,99.61450967
2002,1,20,115.6812917,65.9453,98.55714561
2002,2,20,117.5004149,66.48036,99.32485004
2002,3,20,119.1329589,67.75896,99.45769375
2002,4,20,121.8097783,69.57122,99.49988738
2003,1,20,125.4889122,70.42965,100.7079991
2003,2,20,128.1661254,70.42955,99.84226644
2003,3,20,130.5794264,71.15394,98.64165685
2003,4,20,133.2607168,72.57443,101.4634522
2004,1,20,132.7068056,73.38529,104.3735571
2004,2,20,136.0706273,73.45172,102.9221253
2004,3,20,138.6714401,74.55161,104.2730928
2004,4,20,141.0983455,76.40236,104.9995635
2005,1,20,142.2532103,76.78184,105.0543786
2005,2,20,145.4186271,77.20332,105.7389947
2005,3,20,148.8136588,77.93098,107.8074637
2005,4,20,149.4788397,79.01268,110.9397676
2006,1,20,150.5481489,80.1029,112.1336545
2006,2,20,152.9630239,80.07813,114.140797
2006,3,20,156.2958942,81.15811,113.2200485
2006,4,20,159.3028918,83.05358,112.9463419
2007,1,20,163.158858,83.67981,116.283485
2007,2,20,163.4730832,83.70557,115.4359435
2007,3,20,164.7495316,84.55723,115.7224699
2007,4,20,167.4031496,86.10266,115.3218362
2008,1,20,169.8662447,87.2824,116.4028017
2008,2,20,172.88828,88.06762,115.8726575
2008,3,20,174.9224316,89.32499,113.2364385
2008,4,20,177.4101382,91.42725,109.1938814
2009,1,20,180.165907,92.56894,104.4461705
2009,2,20,183.3372421,92.9692,104.0040417
2009,3,20,186.1013496,93.66664,106.1386502
2009,4,20,188.1392353,94.46508,109.3413194
2010,1,20,190.9480017,96.36665,112.0859596
2010,2,20,193.3269892,95.91449,112.5118004
2010,3,20,196.0678107,96.58136,113.4257218
2010,4,20,199.8458876,98.99307,114.9106933
2011,1,20,202.5638619,100.5716,115.9944754
2011,2,20,203.7608675,100.35068,116.4620657
2011,3,20,206.4099008,101.15029,117.9813496
2011,4,20,207.0364808,102.749,119.6225905
2012,1,20,213.8113424,104.45377,120.4963085
2012,2,20,215.4011101,104.71819,122.0109257
2012,3,20,218.2359935,106.53667,122.0605247
2012,4,20,221.0946097,107.88327,119.6407043
2001,1,21,127.4053344,61.96574,99.65866832
2001,2,21,134.4599668,62.77592,99.63357944
2001,3,21,132.4364698,62.78769,100.053331
2001,4,21,143.3678224,64.02692,99.61450967
2002,1,21,146.4889622,64.81672,98.55714561
2002,2,21,146.635995,66.26034,99.32485004
2002,3,21,147.1180301,66.90885,99.45769375
2002,4,21,150.0645147,68.1933,99.49988738
2003,1,21,151.1628665,68.78827,100.7079991
2003,2,21,154.42666,69.11607,99.84226644
2003,3,21,157.1579136,69.80096,98.64165685
2003,4,21,157.9460496,70.66942,101.4634522
2004,1,21,160.1376002,71.55471,104.3735571
2004,2,21,163.1197463,72.01013,102.9221253
2004,3,21,164.8916933,73.18691,104.2730928
2004,4,21,169.3330247,74.88427,104.9995635
2005,1,21,173.2315128,75.58153,105.0543786
2005,2,21,177.551314,76.82587,105.7389947
2005,3,21,180.5494523,77.30084,107.8074637
2005,4,21,181.5898873,77.97792,110.9397676
2006,1,21,183.2206334,79.23437,112.1336545
2006,2,21,184.3371434,79.44362,114.140797
2006,3,21,187.4993571,80.46139,113.2200485
2006,4,21,188.9804425,82.07847,112.9463419
2007,1,21,191.0097762,82.85013,116.283485
2007,2,21,194.1243574,83.16778,115.4359435
2007,3,21,197.1931302,84.39437,115.7224699
2007,4,21,197.4866484,85.36482,115.3218362
2008,1,21,199.9027543,86.5082,116.4028017
2008,2,21,201.0823704,88.53046,115.8726575
2008,3,21,202.3114027,89.80551,113.2364385
2008,4,21,205.8950486,91.69644,109.1938814
2009,1,21,206.6321184,92.89914,104.4461705
2009,2,21,208.8167563,94.03132,104.0040417
2009,3,21,210.1231534,94.51267,106.1386502
2009,4,21,213.7205229,95.14518,109.3413194
2010,1,21,216.4036707,96.6279,112.0859596
2010,2,21,220.054611,96.87535,112.5118004
2010,3,21,224.9796401,97.56218,113.4257218
2010,4,21,226.8866159,99.25896,114.9106933
2011,1,21,229.5628836,101.13794,115.9944754
2011,2,21,231.1494105,102.13516,116.4620657
2011,3,21,231.9422658,102.78791,117.9813496
2011,4,21,235.1274283,103.85228,119.6225905
2012,1,21,238.7033169,105.54908,120.4963085
2012,2,21,240.4027227,106.1024,122.0109257
2012,3,21,243.1103522,107.53023,122.0605247
2012,4,21,244.130016,108.35028,119.6407043
2001,1,22,149.3310828,61.10108,99.65866832
2001,2,22,156.0460342,61.56328,99.63357944
2001,3,22,158.8340894,62.13679,100.053331
2001,4,22,164.9277693,63.20266,99.61450967
2002,1,22,167.9352966,63.82677,98.55714561
2002,2,22,170.3062627,64.55815,99.32485004
2002,3,22,173.0558803,65.73981,99.45769375
2002,4,22,176.0428902,67.24106,99.49988738
2003,1,22,178.7655957,68.09274,100.7079991
2003,2,22,182.8960725,68.84444,99.84226644
2003,3,22,187.4481883,69.71144,98.64165685
2003,4,22,191.2245083,70.4866,101.4634522
2004,1,22,193.8769949,71.51206,104.3735571
2004,2,22,195.9995401,72.20746,102.9221253
2004,3,22,200.3680813,73.32545,104.2730928
2004,4,22,202.7201622,74.80196,104.9995635
2005,1,22,207.0735692,75.68817,105.0543786
2005,2,22,210.6474576,76.33339,105.7389947
2005,3,22,213.4960811,77.06535,107.8074637
2005,4,22,216.5696984,78.11752,110.9397676
2006,1,22,219.3489727,79.04257,112.1336545
2006,2,22,221.9700618,79.58111,114.140797
2006,3,22,225.5476897,80.8375,113.2200485
2006,4,22,228.8813165,81.76252,112.9463419
2007,1,22,231.9035604,82.60194,116.283485
2007,2,22,234.5107372,83.19296,115.4359435
2007,3,22,237.2712112,83.94678,115.7224699
2007,4,22,241.3447636,85.11435,115.3218362
2008,1,22,245.2413987,86.63522,116.4028017
2008,2,22,249.2088617,88.00123,115.8726575
2008,3,22,252.5620502,89.63617,113.2364385
2008,4,22,255.9053093,91.37508,109.1938814
2009,1,22,261.2247375,92.28687,104.4461705
2009,2,22,262.9449095,92.94576,104.0040417
2009,3,22,265.1461993,94.38739,106.1386502
2009,4,22,266.5208105,95.04213,109.3413194
2010,1,22,268.700297,96.82666,112.0859596
2010,2,22,270.2945474,97.2988,112.5118004
2010,3,22,273.2406681,98.08727,113.4257218
2010,4,22,275.7124241,99.28968,114.9106933
2011,1,22,278.3057847,100.47058,115.9944754
2011,2,22,281.2905279,100.85199,116.4620657
2011,3,22,283.4178008,101.77363,117.9813496
2011,4,22,287.0064026,102.93589,119.6225905
2012,1,22,290.16178,104.66273,120.4963085
2012,2,22,294.0100857,105.1705,122.0109257
2012,3,22,297.3868568,106.69656,122.0605247
2012,4,22,299.095119,107.05892,119.6407043
2001,1,23,116.9093839,64.54534,99.65866832
2001,2,23,121.5166352,66.05073,99.63357944
2001,3,23,120.8973139,66.02276,100.053331
2001,4,23,124.8372818,67.18483,99.61450967
2002,1,23,127.0911619,68.12274,98.55714561
2002,2,23,128.6444939,68.82429,99.32485004
2002,3,23,129.8651777,69.073,99.45769375
2002,4,23,131.4891198,71.0316,99.49988738
2003,1,23,132.5138857,71.73911,100.7079991
2003,2,23,133.2899706,71.63761,99.84226644
2003,3,23,134.9629182,72.30664,98.64165685
2003,4,23,137.3968643,73.6789,101.4634522
2004,1,23,139.0605325,74.37393,104.3735571
2004,2,23,142.974138,74.50312,102.9221253
2004,3,23,145.0701226,75.86376,104.2730928
2004,4,23,147.3738872,77.28927,104.9995635
2005,1,23,150.4666326,77.37254,105.0543786
2005,2,23,153.2220212,77.92899,105.7389947
2005,3,23,157.5027309,78.63531,107.8074637
2005,4,23,160.6878888,80.15269,110.9397676
2006,1,23,164.4387694,81.19828,112.1336545
2006,2,23,164.9488484,81.15035,114.140797
2006,3,23,167.2894145,81.86276,113.2200485
2006,4,23,169.5317218,83.79838,112.9463419
2007,1,23,172.4565624,84.31364,116.283485
2007,2,23,174.9956995,82.96265,115.4359435
2007,3,23,176.599965,83.60325,115.7224699
2007,4,23,178.6500436,85.99512,115.3218362
2008,1,23,180.5154847,87.23166,116.4028017
2008,2,23,182.2914169,87.20166,115.8726575
2008,3,23,183.4669017,88.59602,113.2364385
2008,4,23,184.552694,91.60942,109.1938814
2009,1,23,185.4494429,94.28338,104.4461705
2009,2,23,187.3571861,93.90721,104.0040417
2009,3,23,187.010576,94.00711,106.1386502
2009,4,23,189.3521241,96.53907,109.3413194
2010,1,23,190.6704083,97.83572,112.0859596
2010,2,23,192.7255339,96.45223,112.5118004
2010,3,23,194.684479,96.74158,113.4257218
2010,4,23,195.6933146,99.71854,114.9106933
2011,1,23,197.3486489,100.44084,115.9944754
2011,2,23,198.4492179,99.5972,116.4620657
2011,3,23,199.5247936,100.25517,117.9813496
2011,4,23,201.0903088,102.16103,119.6225905
2012,1,23,202.5737491,103.84666,120.4963085
2012,2,23,203.6740183,102.90304,122.0109257
2012,3,23,204.826856,104.23953,122.0605247
2012,4,23,205.5256647,106.09645,119.6407043
2001,1,24,118.5235184,65.45241,99.65866832
2001,2,24,122.2272609,66.41978,99.63357944
2001,3,24,124.2497172,66.85911,100.053331
2001,4,24,127.6748007,67.68027,99.61450967
2002,1,24,132.0671614,68.26272,98.55714561
2002,2,24,132.1673642,69.28561,99.32485004
2002,3,24,135.3258906,70.14249,99.45769375
2002,4,24,137.8093428,71.3214,99.49988738
2003,1,24,139.876087,72.06693,100.7079991
2003,2,24,142.2217713,72.01078,99.84226644
2003,3,24,145.1096399,72.48309,98.64165685
2003,4,24,147.5837095,73.43926,101.4634522
2004,1,24,149.4903676,74.60144,104.3735571
2004,2,24,151.2085288,75.44957,102.9221253
2004,3,24,153.1511657,76.44452,104.2730928
2004,4,24,155.8179474,77.95233,104.9995635
2005,1,24,158.8388958,78.45645,105.0543786
2005,2,24,161.4115467,79.31573,105.7389947
2005,3,24,163.4517084,79.98883,107.8074637
2005,4,24,165.0782585,80.90563,110.9397676
2006,1,24,166.6385436,82.00287,112.1336545
2006,2,24,169.9440291,82.54713,114.140797
2006,3,24,173.3526839,83.19915,113.2200485
2006,4,24,176.4829654,84.37397,112.9463419
2007,1,24,180.0947259,85.36187,116.283485
2007,2,24,180.3004519,85.7378,115.4359435
2007,3,24,182.8207623,86.52492,115.7224699
2007,4,24,184.6425768,87.52519,115.3218362
2008,1,24,187.8987092,88.63032,116.4028017
2008,2,24,189.7997105,89.89257,115.8726575
2008,3,24,192.6779939,91.3287,113.2364385
2008,4,24,195.4103787,92.47384,109.1938814
2009,1,24,197.6948237,93.54788,104.4461705
2009,2,24,199.7075378,94.70542,104.0040417
2009,3,24,201.3935364,95.38248,106.1386502
2009,4,24,203.6811139,95.94936,109.3413194
2010,1,24,204.854662,97.85929,112.0859596
2010,2,24,207.0998053,98.32683,112.5118004
2010,3,24,209.8422328,98.49644,113.4257218
2010,4,24,213.2789664,99.54857,114.9106933
2011,1,24,216.7836337,100.42821,115.9944754
2011,2,24,220.0255341,101.17361,116.4620657
2011,3,24,222.0032749,101.97615,117.9813496
2011,4,24,223.6872108,103.16054,119.6225905
2012,1,24,227.6592774,104.96214,120.4963085
2012,2,24,231.2045965,105.55638,122.0109257
2012,3,24,234.9373562,107.15345,122.0605247
2012,4,24,236.6149924,108.16088,119.6407043
2001,1,25,99.85060721,61.76774,99.65866832
2001,2,25,102.9345562,61.80011,99.63357944
2001,3,25,103.8330601,62.45844,100.053331
2001,4,25,107.7134881,63.87287,99.61450967
2002,1,25,110.8078539,64.54531,98.55714561
2002,2,25,112.8862,64.39858,99.32485004
2002,3,25,114.6893471,65.18601,99.45769375
2002,4,25,117.0901678,67.24464,99.49988738
2003,1,25,118.7194351,68.49921,100.7079991
2003,2,25,120.4776541,68.26207,99.84226644
2003,3,25,122.5019975,68.61301,98.64165685
2003,4,25,125.1728782,70.65857,101.4634522
2004,1,25,128.8465057,72.06769,104.3735571
2004,2,25,131.0250991,71.83322,102.9221253
2004,3,25,132.4393629,72.36644,104.2730928
2004,4,25,135.6431926,75.17058,104.9995635
2005,1,25,138.2642872,76.19703,105.0543786
2005,2,25,140.7302143,75.12227,105.7389947
2005,3,25,142.3467053,74.69619,107.8074637
2005,4,25,143.3314945,77.28856,110.9397676
2006,1,25,144.7841808,78.76716,112.1336545
2006,2,25,147.1018616,77.47897,114.140797
2006,3,25,149.698773,77.43355,113.2200485
2006,4,25,152.6283718,80.34925,112.9463419
2007,1,25,155.5565711,81.99824,116.283485
2007,2,25,156.9850091,80.71014,115.4359435
2007,3,25,158.5895825,80.74844,115.7224699
2007,4,25,159.4615547,83.96295,115.3218362
2008,1,25,161.1216984,86.30889,116.4028017
2008,2,25,163.869962,85.46815,115.8726575
2008,3,25,166.7950333,85.92557,113.2364385
2008,4,25,168.1209515,89.48176,109.1938814
2009,1,25,169.3897467,91.9169,104.4461705
2009,2,25,170.5611305,91.21954,104.0040417
2009,3,25,171.0935311,91.02575,106.1386502
2009,4,25,172.0385934,94.06312,109.3413194
2010,1,25,172.8920118,96.9052,112.0859596
2010,2,25,174.9316925,95.04035,112.5118004
2010,3,25,177.196971,94.59943,113.4257218
2010,4,25,178.9823055,98.17066,114.9106933
2011,1,25,181.1194574,100.56938,115.9944754
2011,2,25,182.7993402,97.19758,116.4620657
2011,3,25,184.3415374,95.91463,117.9813496
2011,4,25,185.8490871,101.29347,119.6225905
2012,1,25,187.5025512,104.97507,120.4963085
2012,2,25,189.647647,101.5247,122.0109257
2012,3,25,191.3888807,100.86514,122.0605247
2012,4,25,192.9007481,105.52288,119.6407043
2001,1,26,113.7229937,66.31871,99.65866832
2001,2,26,118.4752864,65.76562,99.63357944
2001,3,26,119.06739,65.62004,100.053331
2001,4,26,122.7044084,67.22604,99.61450967
2002,1,26,125.2738291,68.50387,98.55714561
2002,2,26,125.8038429,67.62774,99.32485004
2002,3,26,127.9561336,67.6821,99.45769375
2002,4,26,130.5309577,71.07695,99.49988738
2003,1,26,131.8533911,73.03891,100.7079991
2003,2,26,133.8431147,70.90353,99.84226644
2003,3,26,135.5714574,69.89409,98.64165685
2003,4,26,137.6737344,73.51539,101.4634522
2004,1,26,140.6203808,75.93635,104.3735571
2004,2,26,142.9368037,73.29994,102.9221253
2004,3,26,144.8954152,72.44384,104.2730928
2004,4,26,146.8486544,77.1858,104.9995635
2005,1,26,149.8591082,79.05657,105.0543786
2005,2,26,153.1765556,76.88486,105.7389947
2005,3,26,156.0250835,75.68364,107.8074637
2005,4,26,158.7767498,79.72688,110.9397676
2006,1,26,160.441313,82.11834,112.1336545
2006,2,26,163.6170688,78.92091,114.140797
2006,3,26,165.4980834,78.33235,113.2200485
2006,4,26,168.0750793,82.81684,112.9463419
2007,1,26,170.2149917,85.23269,116.283485
2007,2,26,172.186252,82.08247,115.4359435
2007,3,26,174.8365785,81.12962,115.7224699
2007,4,26,177.166285,85.77672,115.3218362
2008,1,26,180.499692,88.44137,116.4028017
2008,2,26,182.3673876,85.7942,115.8726575
2008,3,26,185.5973391,85.3571,113.2364385
2008,4,26,187.7965348,90.49689,109.1938814
2009,1,26,189.5858532,93.46223,104.4461705
2009,2,26,191.0057825,90.81356,104.0040417
2009,3,26,191.3674601,89.50013,106.1386502
2009,4,26,192.7195932,93.94457,109.3413194
2010,1,26,194.3415917,97.25187,112.0859596
2010,2,26,196.5559548,93.67685,112.5118004
2010,3,26,198.9996301,92.1484,113.4257218
2010,4,26,200.1369803,97.41181,114.9106933
2011,1,26,202.54759,100.78167,115.9944754
2011,2,26,204.660677,95.72502,116.4620657
2011,3,26,206.7468507,92.91598,117.9813496
2011,4,26,209.9857377,100.06575,119.6225905
2012,1,26,212.0170821,104.40651,120.4963085
2012,2,26,215.2850318,98.96764,122.0109257
2012,3,26,220.0595036,97.172,122.0605247
2012,4,26,221.2410826,103.6273,119.6407043
2001,1,27,110.7605321,61.56775,99.65866832
2001,2,27,112.9298072,61.81364,99.63357944
2001,3,27,113.2114941,62.27854,100.053331
2001,4,27,114.5540439,63.90866,99.61450967
2002,1,27,118.5066262,65.52796,98.55714561
2002,2,27,120.6508078,65.62548,99.32485004
2002,3,27,123.9851876,66.66247,99.45769375
2002,4,27,126.6027418,68.73891,99.49988738
2003,1,27,128.381997,69.76503,100.7079991
2003,2,27,130.988857,69.23494,99.84226644
2003,3,27,135.0132191,69.88611,98.64165685
2003,4,27,138.5405704,71.80199,101.4634522
2004,1,27,140.9849947,72.73064,104.3735571
2004,2,27,144.4773837,72.4439,102.9221253
2004,3,27,146.467013,73.41589,104.2730928
2004,4,27,149.7153166,76.18022,104.9995635
2005,1,27,153.0607093,77.18029,105.0543786
2005,2,27,156.2254447,76.70506,105.7389947
2005,3,27,159.5739444,77.25179,107.8074637
2005,4,27,162.6505934,78.80436,110.9397676
2006,1,27,164.6282797,80.05468,112.1336545
2006,2,27,166.5448618,79.03257,114.140797
2006,3,27,169.4748689,79.73069,113.2200485
2006,4,27,170.6774504,82.40031,112.9463419
2007,1,27,176.435175,83.424,116.283485
2007,2,27,178.1633611,82.54667,115.4359435
2007,3,27,181.1636308,83.0503,115.7224699
2007,4,27,184.3025872,85.2675,115.3218362
2008,1,27,188.7387453,86.43562,116.4028017
2008,2,27,190.3649453,86.11813,115.8726575
2008,3,27,193.2783628,87.63574,113.2364385
2008,4,27,197.761056,89.23725,109.1938814
2009,1,27,201.6870915,90.662,104.4461705
2009,2,27,203.9674202,92.05464,104.0040417
2009,3,27,206.0793192,92.78928,106.1386502
2009,4,27,208.1629386,93.36311,109.3413194
2010,1,27,210.0887583,95.46238,112.0859596
2010,2,27,212.8370739,96.00447,112.5118004
2010,3,27,213.8791245,96.41326,113.4257218
2010,4,27,213.0694836,99.30435,114.9106933
2011,1,27,213.7666294,100.40747,115.9944754
2011,2,27,215.3007812,99.36025,116.4620657
2011,3,27,217.1393813,99.67573,117.9813496
2011,4,27,219.8371229,102.89802,119.6225905
2012,1,27,222.8588037,104.51619,120.4963085
2012,2,27,223.4416817,103.18276,122.0109257
2012,3,27,228.1369136,104.90783,122.0605247
2012,4,27,233.3162082,107.02761,119.6407043
2001,1,28,129.0133959,65.18422,99.65866832
2001,2,28,134.9245457,65.81324,99.63357944
2001,3,28,136.70858,65.6548,100.053331
2001,4,28,140.554012,66.81339,99.61450967
2002,1,28,143.2388712,68.16795,98.55714561
2002,2,28,144.7925204,68.65214,99.32485004
2002,3,28,146.6974305,69.15402,99.45769375
2002,4,28,149.3953748,70.21282,99.49988738
2003,1,28,151.5369582,71.39928,100.7079991
2003,2,28,154.2717495,71.0841,99.84226644
2003,3,28,157.27061,71.46467,98.64165685
2003,4,28,160.4397486,72.97421,101.4634522
2004,1,28,163.1566374,74.3632,104.3735571
2004,2,28,165.7525542,74.47449,102.9221253
2004,3,28,168.2195366,74.74333,104.2730928
2004,4,28,170.6778635,76.7142,104.9995635
2005,1,28,173.7245312,77.18346,105.0543786
2005,2,28,176.6509056,77.46523,105.7389947
2005,3,28,179.2823177,77.87123,107.8074637
2005,4,28,181.6690139,79.5508,110.9397676
2006,1,28,184.2041032,80.8742,112.1336545
2006,2,28,186.710924,80.57717,114.140797
2006,3,28,189.3970327,81.12451,113.2200485
2006,4,28,191.1497845,82.73101,112.9463419
2007,1,28,193.2086263,84.14667,116.283485
2007,2,28,195.0912919,83.94155,115.4359435
2007,3,28,196.9714159,84.43449,115.7224699
2007,4,28,199.8511509,86.55426,115.3218362
2008,1,28,202.7033479,87.8629,116.4028017
2008,2,28,205.8969064,87.86519,115.8726575
2008,3,28,208.5288193,88.94396,113.2364385
2008,4,28,211.5176277,91.38049,109.1938814
2009,1,28,212.8954637,92.92418,104.4461705
2009,2,28,214.9841412,93.51616,104.0040417
2009,3,28,218.0962551,93.72766,106.1386502
2009,4,28,220.5374972,95.47049,109.3413194
2010,1,28,223.0316515,97.46965,112.0859596
2010,2,28,223.5342275,96.94325,112.5118004
2010,3,28,225.0055411,96.67372,113.4257218
2010,4,28,227.0597949,98.99741,114.9106933
2011,1,28,229.5395597,100.86821,115.9944754
2011,2,28,232.4323282,99.68164,116.4620657
2011,3,28,233.9938016,99.56307,117.9813496
2011,4,28,236.6131395,102.1597,119.6225905
2012,1,28,239.4857674,103.9114,120.4963085
2012,2,28,242.5402328,102.96351,122.0109257
2012,3,28,245.0589766,103.55322,122.0605247
2012,4,28,246.6599841,105.50202,119.6407043
2001,1,29,113.3463517,63.22999,99.65866832
2001,2,29,118.6730924,64.67736,99.63357944
2001,3,29,119.9195747,64.66801,100.053331
2001,4,29,126.037196,65.65126,99.61450967
2002,1,29,128.4017303,65.96432,98.55714561
2002,2,29,129.598957,66.74659,99.32485004
2002,3,29,131.919556,67.25824,99.45769375
2002,4,29,134.6955663,68.07098,99.49988738
2003,1,29,136.3410191,68.89497,100.7079991
2003,2,29,139.5243334,69.79468,99.84226644
2003,3,29,143.1219102,70.17617,98.64165685
2003,4,29,145.5253819,71.524,101.4634522
2004,1,29,147.6620724,73.00605,104.3735571
2004,2,29,148.6914973,73.57624,102.9221253
2004,3,29,149.1624147,74.57957,104.2730928
2004,4,29,151.4203997,76.38215,104.9995635
2005,1,29,154.02125,76.66551,105.0543786
2005,2,29,156.2712039,77.6445,105.7389947
2005,3,29,157.7657164,77.69251,107.8074637
2005,4,29,159.3728642,78.13011,110.9397676
2006,1,29,160.5577586,79.31496,112.1336545
2006,2,29,162.63438,79.5201,114.140797
2006,3,29,166.082385,80.49732,113.2200485
2006,4,29,168.2992087,82.10138,112.9463419
2007,1,29,169.8273287,82.60128,116.283485
2007,2,29,171.7838067,82.86212,115.4359435
2007,3,29,173.7531204,84.06268,115.7224699
2007,4,29,176.7411022,84.98913,115.3218362
2008,1,29,181.3102754,86.69386,116.4028017
2008,2,29,184.3841285,88.50383,115.8726575
2008,3,29,182.5182892,89.57948,113.2364385
2008,4,29,185.332651,91.35326,109.1938814
2009,1,29,186.6232016,92.48709,104.4461705
2009,2,29,190.410749,93.94209,104.0040417
2009,3,29,192.2142084,94.6041,106.1386502
2009,4,29,192.2809467,94.64107,109.3413194
2010,1,29,193.7545485,96.51898,112.0859596
2010,2,29,194.7328316,96.684,112.5118004
2010,3,29,196.8333635,97.27556,113.4257218
2010,4,29,198.2035068,99.03527,114.9106933
2011,1,29,200.1601081,100.58857,115.9944754
2011,2,29,201.1819298,101.24512,116.4620657
2011,3,29,203.645014,102.3184,117.9813496
2011,4,29,207.4606419,103.63745,119.6225905
2012,1,29,209.2309962,105.40356,120.4963085
2012,2,29,211.3875242,105.94363,122.0109257
2012,3,29,212.6162053,107.51032,122.0605247
2012,4,29,213.7165492,107.90623,119.6407043
2001,1,30,115.9528517,59.14779,99.65866832
2001,2,30,119.6647172,60.26925,99.63357944
2001,3,30,120.7767699,60.80864,100.053331
2001,4,30,124.552607,62.02716,99.61450967
2002,1,30,127.8886145,63.09071,98.55714561
2002,2,30,129.0079915,64.33348,99.32485004
2002,3,30,130.2860959,65.18377,99.45769375
2002,4,30,132.3925393,66.62756,99.49988738
2003,1,30,133.9641809,67.51402,100.7079991
2003,2,30,136.7160296,68.03478,99.84226644
2003,3,30,139.6730091,68.70805,98.64165685
2003,4,30,141.9033154,69.93847,101.4634522
2004,1,30,143.4235655,71.04284,104.3735571
2004,2,30,146.0051601,71.59603,102.9221253
2004,3,30,148.1959447,72.58762,104.2730928
2004,4,30,150.7500533,74.22367,104.9995635
2005,1,30,153.9900643,74.79741,105.0543786
2005,2,30,155.6403891,74.99891,105.7389947
2005,3,30,157.0963924,75.71103,107.8074637
2005,4,30,159.146816,76.97877,110.9397676
2006,1,30,158.3025458,78.16712,112.1336545
2006,2,30,163.5941476,78.18389,114.140797
2006,3,30,169.4101083,79.19326,113.2200485
2006,4,30,170.9654819,80.88718,112.9463419
2007,1,30,174.218801,81.88783,116.283485
2007,2,30,174.797195,81.68663,115.4359435
2007,3,30,176.0935857,82.60057,115.7224699
2007,4,30,178.5814317,84.13245,115.3218362
2008,1,30,181.1882763,85.23872,116.4028017
2008,2,30,184.3414124,86.05514,115.8726575
2008,3,30,186.9677836,87.40722,113.2364385
2008,4,30,190.5985033,90.23386,109.1938814
2009,1,30,193.3620049,91.67037,104.4461705
2009,2,30,196.4198852,92.15018,104.0040417
2009,3,30,199.8914078,92.91327,106.1386502
2009,4,30,203.0487448,94.39544,109.3413194
2010,1,30,206.7625522,96.85303,112.0859596
2010,2,30,209.028187,96.63618,112.5118004
2010,3,30,210.8980533,97.26889,113.4257218
2010,4,30,212.2597651,99.20072,114.9106933
2011,1,30,213.3737682,100.63305,115.9944754
2011,2,30,215.1560687,100.48966,116.4620657
2011,3,30,216.1695018,101.30218,117.9813496
2011,4,30,218.2694708,102.70521,119.6225905
2012,1,30,221.5496032,104.5204,120.4963085
2012,2,30,224.7492954,104.68648,122.0109257
2012,3,30,228.9238428,106.12081,122.0605247
2012,4,30,232.3602557,107.22104,119.6407043
2001,1,31,97.78688553,63.03354,99.65866832
2001,2,31,101.6775475,64.09918,99.63357944
2001,3,31,102.2298773,64.45726,100.053331
2001,4,31,105.8861397,65.11455,99.61450967
2002,1,31,108.3936865,66.37727,98.55714561
2002,2,31,109.8313071,67.01829,99.32485004
2002,3,31,110.9184513,67.91165,99.45769375
2002,4,31,113.6022206,69.77356,99.49988738
2003,1,31,115.8802816,70.7222,100.7079991
2003,2,31,118.0539863,70.24347,99.84226644
2003,3,31,120.0317447,70.3249,98.64165685
2003,4,31,121.708063,72.17911,101.4634522
2004,1,31,122.6319109,72.70166,104.3735571
2004,2,31,125.8189854,72.20956,102.9221253
2004,3,31,128.527989,73.48708,104.2730928
2004,4,31,130.5000854,76.09373,104.9995635
2005,1,31,133.1874616,76.6475,105.0543786
2005,2,31,136.4665128,75.99464,105.7389947
2005,3,31,140.914721,76.87746,107.8074637
2005,4,31,142.9360291,78.74361,110.9397676
2006,1,31,144.4629671,80.18261,112.1336545
2006,2,31,145.4583342,79.14076,114.140797
2006,3,31,146.6838815,79.25781,113.2200485
2006,4,31,149.1668583,82.12548,112.9463419
2007,1,31,151.2242498,83.25683,116.283485
2007,2,31,152.4278159,82.00965,115.4359435
2007,3,31,153.7418483,82.93983,115.7224699
2007,4,31,155.3486185,85.016,115.3218362
2008,1,31,158.0096856,86.01061,116.4028017
2008,2,31,161.0281465,86.32447,115.8726575
2008,3,31,163.5250919,87.54618,113.2364385
2008,4,31,164.940217,90.49255,109.1938814
2009,1,31,166.5177858,91.8568,104.4461705
2009,2,31,167.5471169,91.76227,104.0040417
2009,3,31,169.017063,92.53872,106.1386502
2009,4,31,171.0509495,95.06458,109.3413194
2010,1,31,172.2885342,96.89075,112.0859596
2010,2,31,173.6592637,95.81594,112.5118004
2010,3,31,175.2978773,96.20544,113.4257218
2010,4,31,176.9612314,99.35572,114.9106933
2011,1,31,179.1661472,100.33208,115.9944754
2011,2,31,181.0950426,99.66279,116.4620657
2011,3,31,182.7920514,100.15168,117.9813496
2011,4,31,183.815206,102.57443,119.6225905
2012,1,31,188.0659521,104.42503,120.4963085
2012,2,31,190.0812448,103.75884,122.0109257
2012,3,31,192.078171,105.20102,122.0605247
2012,4,31,194.2018684,106.75134,119.6407043
2001,1,32,87.90231614,67.55978,99.65866832
2001,2,32,92.20548336,68.42878,99.63357944
2001,3,32,94.95567211,69.32248,100.053331
2001,4,32,96.89519782,69.80936,99.61450967
2002,1,32,99.38936814,70.31424,98.55714561
2002,2,32,100.2732391,70.91242,99.32485004
2002,3,32,101.083836,71.30598,99.45769375
2002,4,32,103.3823681,72.28447,99.49988738
2003,1,32,105.4599984,73.38718,100.7079991
2003,2,32,107.5615199,73.84672,99.84226644
2003,3,32,109.1932492,74.07881,98.64165685
2003,4,32,115.3303459,74.75236,101.4634522
2004,1,32,118.9911303,75.8641,104.3735571
2004,2,32,123.7349646,76.29407,102.9221253
2004,3,32,129.7473346,77.26256,104.2730928
2004,4,32,133.6201208,78.81111,104.9995635
2005,1,32,137.7062887,79.76936,105.0543786
2005,2,32,141.6154374,80.29252,105.7389947
2005,3,32,144.3657573,80.72139,107.8074637
2005,4,32,147.4735988,81.04307,110.9397676
2006,1,32,151.0378259,81.89224,112.1336545
2006,2,32,150.2976398,82.35925,114.140797
2006,3,32,168.3066041,82.99732,113.2200485
2006,4,32,155.8670602,84.0506,112.9463419
2007,1,32,159.8075434,85.21741,116.283485
2007,2,32,159.8618381,85.57856,115.4359435
2007,3,32,161.314745,86.8708,115.7224699
2007,4,32,164.0785881,87.93095,115.3218362
2008,1,32,167.2291519,89.08102,116.4028017
2008,2,32,169.4568997,89.81412,115.8726575
2008,3,32,170.8628587,91.00545,113.2364385
2008,4,32,173.7695069,92.64069,109.1938814
2009,1,32,176.5777029,93.37318,104.4461705
2009,2,32,178.9973714,94.78738,104.0040417
2009,3,32,180.0534833,95.3142,106.1386502
2009,4,32,185.7808638,95.7622,109.3413194
2010,1,32,188.7493178,97.55024,112.0859596
2010,2,32,192.2312558,97.64145,112.5118004
2010,3,32,193.1306003,98.38451,113.4257218
2010,4,32,196.2526917,99.51616,114.9106933
2011,1,32,199.7629185,100.75431,115.9944754
2011,2,32,202.4354092,101.55299,116.4620657
2011,3,32,209.0238513,102.7154,117.9813496
2011,4,32,209.4938897,103.80605,119.6225905
2012,1,32,213.2681643,105.47528,120.4963085
2012,2,32,218.6377737,105.60774,122.0109257
2012,3,32,225.9860274,107.30605,122.0605247
2012,4,32,225.4287634,107.90536,119.6407043
